item 1, 8.86, 62.69, "item 1"
item 2, 72.17, 26.4, "item 2"
item 3, 51.38, 63.29, "item 3"
item 4, 48.74, 64.41, "item 4"
item 5, 23.32, 47.72, "item 5"
item 6, 84.61, 29.67, "item 6"
item 7, 14.83, 33.55, "item 7"
item 8, 98.84, 56.56, "item 8"
item 9, 90.44, 34.28, "item 9"
item 10, 10.04, 96.42, "item 10"
item 11, 62.34, 11.45, "item 11"
item 12, 46.04, 90.67, "item 12"
item 13, 41, 28.57, "item 13"
item 14, 40.47, 19.68, "item 14"
item 15, 16.57, 29.24, "item 15"
item 16, 82.78, 33.56, "item 16"
item 17, 45.2, 55.07, "item 17"
item 18, 10.02, 27.98, "item 18"
item 19, 62.66, 65, "item 19"
item 20, 29.26, 88.68, "item 20"
item 21, 24.67, 17.2, "item 21"
item 22, 37.23, 91.42, "item 22"
item 23, 77.68, 26.94, "item 23"
item 24, 60.5, 10.71, "item 24"
item 25, 97.24, 19.52, "item 25"
item 26, 73.78, 60.53, "item 26"
item 27, 91.64, 55.89, "item 27"
item 28, 66.58, 62.49, "item 28"
item 29, 58.14, 20.72, "item 29"
item 30, 19.27, 13.32, "item 30"
item 31, 95.94, 27.24, "item 31"
item 32, 18.21, 2.22, "item 32"
item 33, 25.94, 11.43, "item 33"
item 34, 86.91, 10.81, "item 34"
item 35, 40.27, 59.39, "item 35"
item 36, 34.95, 13.79, "item 36"
item 37, 6.95, 35.97, "item 37"
item 38, 29.86, 86.58, "item 38"
item 39, 84.06, 60, "item 39"
item 40, 78.37, 18.05, "item 40"
item 41, 56.45, 2.4, "item 41"
item 42, 62.99, 20.59, "item 42"
item 43, 93.41, 66.86, "item 43"
item 44, 17.36, 28.07, "item 44"
item 45, 40.33, 49.66, "item 45"
item 46, 39.79, 72.73, "item 46"
item 47, 99.54, 65.09, "item 47"
item 48, 37.84, 36.14, "item 48"
item 49, 25.65, 66.28, "item 49"
item 50, 69.28, 76.58, "item 50"
item 51, 59.84, 87, "item 51"
item 52, 94.29, 45.45, "item 52"
item 53, 53.57, 79.6, "item 53"
item 54, 82.61, 18.49, "item 54"
item 55, 87.41, 26.7, "item 55"
item 56, 25.1, 84.39, "item 56"
item 57, 73.35, 59.66, "item 57"
item 58, 84.1, 52.74, "item 58"
item 59, 40.22, 25.66, "item 59"
item 60, 79.29, 66.27, "item 60"
item 61, 40.69, 6.99, "item 61"
item 62, 46.61, 27.88, "item 62"
item 63, 85.89, 11.15, "item 63"
item 64, 26.65, 82.42, "item 64"
item 65, 9.06, 18.33, "item 65"
item 66, 35.81, 24.76, "item 66"
item 67, 82.95, 94.12, "item 67"
item 68, 48.68, 41.52, "item 68"
item 69, 67.61, 49.56, "item 69"
item 70, 73.33, 31.66, "item 70"
item 71, 44.92, 58.13, "item 71"
item 72, 32.55, 93.08, "item 72"
item 73, 3.98, 19.79, "item 73"
item 74, 73.41, 6.81, "item 74"
item 75, 77.83, 95.95, "item 75"
item 76, 15.4, 97.96, "item 76"
item 77, 95.68, 25.93, "item 77"
item 78, 12.82, 3.89, "item 78"
item 79, 7.57, 75.6, "item 79"
item 80, 51.13, 33.74, "item 80"
item 81, 58.51, 61.78, "item 81"
item 82, 18.9, 60.6, "item 82"
item 83, 37.75, 42.3, "item 83"
item 84, 97.06, 48.03, "item 84"
item 85, 5.53, 60.82, "item 85"
item 86, 85.42, 75.96, "item 86"
item 87, 4.38, 88.1, "item 87"
item 88, 42.73, 97.33, "item 88"
item 89, 95.08, 6.81, "item 89"
item 90, 51.08, 26.66, "item 90"
item 91, 18.16, 45.78, "item 91"
item 92, 27.99, 34.56, "item 92"
item 93, 71.4, 81.38, "item 93"
item 94, 0.29, 97.7, "item 94"
item 95, 10.54, 88.63, "item 95"
item 96, 22.73, 33.13, "item 96"
item 97, 26.37, 42.71, "item 97"
item 98, 71.2, 27.94, "item 98"
item 99, 24.48, 42.82, "item 99"
item 100, 65.58, 60.2, "item 100"
item 101, 35.82, 54.48, "item 101"
item 102, 80.52, 95.82, "item 102"
item 103, 15.99, 43.98, "item 103"
item 104, 83.62, 37.41, "item 104"
item 105, 49, 9.19, "item 105"
item 106, 0.11, 95.62, "item 106"
item 107, 57.39, 94.55, "item 107"
item 108, 40.69, 51.61, "item 108"
item 109, 34.69, 15.03, "item 109"
item 110, 44.9, 79.71, "item 110"
item 111, 58.42, 3.67, "item 111"
item 112, 86.23, 3.72, "item 112"
item 113, 12.48, 40.41, "item 113"
item 114, 57.11, 67.2, "item 114"
item 115, 46.03, 16.17, "item 115"
item 116, 2.19, 8.47, "item 116"
item 117, 22.73, 35.33, "item 117"
item 118, 96.32, 44.32, "item 118"
item 119, 69.13, 62.32, "item 119"
item 120, 70.11, 83.02, "item 120"
item 121, 13.69, 73.62, "item 121"
item 122, 70.41, 6.9, "item 122"
item 123, 19.04, 84.94, "item 123"
item 124, 5.67, 87.23, "item 124"
item 125, 49.37, 85.42, "item 125"
item 126, 66.82, 20.48, "item 126"
item 127, 81.83, 25.6, "item 127"
item 128, 33.07, 3.58, "item 128"
item 129, 66.62, 73.73, "item 129"
item 130, 69.26, 98.25, "item 130"
item 131, 63.54, 76.51, "item 131"
item 132, 96.29, 69.58, "item 132"
item 133, 34.95, 34.46, "item 133"
item 134, 69.28, 22.38, "item 134"
item 135, 54.25, 29.65, "item 135"
item 136, 29.81, 0.56, "item 136"
item 137, 97.6, 23.95, "item 137"
item 138, 7.73, 59.01, "item 138"
item 139, 22, 79.94, "item 139"
item 140, 35.73, 65.74, "item 140"
item 141, 97.41, 43.1, "item 141"
item 142, 5.74, 42.36, "item 142"
item 143, 52.72, 64.01, "item 143"
item 144, 39.77, 5.47, "item 144"
item 145, 15.9, 32.43, "item 145"
item 146, 70.05, 28.33, "item 146"
item 147, 76.96, 41.13, "item 147"
item 148, 23.35, 2.53, "item 148"
item 149, 79.29, 96.89, "item 149"
item 150, 82.39, 42.95, "item 150"
item 151, 49.62, 48.14, "item 151"
item 152, 54, 45.35, "item 152"
item 153, 9.66, 4.93, "item 153"
item 154, 7.72, 76.15, "item 154"
item 155, 73.65, 84.8, "item 155"
item 156, 61.41, 46.14, "item 156"
item 157, 25.14, 30.68, "item 157"
item 158, 81.14, 96.16, "item 158"
item 159, 83.67, 11.37, "item 159"
item 160, 31.31, 1.66, "item 160"
item 161, 17.28, 33.51, "item 161"
item 162, 58.13, 84.95, "item 162"
item 163, 30.57, 64.97, "item 163"
item 164, 14.53, 9.7, "item 164"
item 165, 59.38, 94.1, "item 165"
item 166, 37.93, 20.11, "item 166"
item 167, 33.18, 26.39, "item 167"
item 168, 73.45, 79.01, "item 168"
item 169, 24.18, 51.17, "item 169"
item 170, 94.91, 53.63, "item 170"
item 171, 87.86, 93.99, "item 171"
item 172, 13.16, 95.65, "item 172"
item 173, 14.43, 7.94, "item 173"
item 174, 77.55, 62.81, "item 174"
item 175, 52.18, 46.3, "item 175"
item 176, 69.5, 33.65, "item 176"
item 177, 34.93, 2.59, "item 177"
item 178, 59.89, 73.82, "item 178"
item 179, 43.63, 0.04, "item 179"
item 180, 51.34, 22.81, "item 180"
item 181, 59.37, 61.69, "item 181"
item 182, 55.22, 83.29, "item 182"
item 183, 19.38, 95.1, "item 183"
item 184, 59.34, 11.67, "item 184"
item 185, 70.8, 80.88, "item 185"
item 186, 26.7, 28.28, "item 186"
item 187, 28.13, 63.18, "item 187"
item 188, 28.45, 88.28, "item 188"
item 189, 78.88, 1.94, "item 189"
item 190, 54.77, 80, "item 190"
item 191, 50.06, 61.76, "item 191"
item 192, 66.34, 47.02, "item 192"
item 193, 42.71, 80.25, "item 193"
item 194, 46.01, 61.75, "item 194"
item 195, 65.86, 79.92, "item 195"
item 196, 85.23, 14.02, "item 196"
item 197, 52.62, 61.95, "item 197"
item 198, 93.39, 16.4, "item 198"
item 199, 20.91, 47.79, "item 199"
item 200, 49.12, 69.29, "item 200"
item 201, 49.48, 14.82, "item 201"
item 202, 22.41, 73.87, "item 202"
item 203, 75.57, 6.23, "item 203"
item 204, 83.88, 28.32, "item 204"
item 205, 85.01, 82.1, "item 205"
item 206, 83.16, 93.89, "item 206"
item 207, 57.66, 18.3, "item 207"
item 208, 22.44, 71.2, "item 208"
item 209, 51.62, 53.35, "item 209"
item 210, 72.93, 84.55, "item 210"
item 211, 58.08, 29.22, "item 211"
item 212, 82.26, 31.91, "item 212"
item 213, 35.37, 71.46, "item 213"
item 214, 99.1, 21.98, "item 214"
item 215, 35.64, 6.58, "item 215"
item 216, 97.37, 85.95, "item 216"
item 217, 70.38, 20.05, "item 217"
item 218, 17.22, 21.49, "item 218"
item 219, 22.06, 17.14, "item 219"
item 220, 52.34, 98.92, "item 220"
item 221, 98.46, 60.31, "item 221"
item 222, 3.9, 35.71, "item 222"
item 223, 43.25, 22.24, "item 223"
item 224, 90.36, 24.23, "item 224"
item 225, 62.24, 11.39, "item 225"
item 226, 49.34, 79.97, "item 226"
item 227, 97.71, 98.08, "item 227"
item 228, 92.68, 62.55, "item 228"
item 229, 85.44, 93.69, "item 229"
item 230, 79.32, 10.37, "item 230"
item 231, 58.32, 12.83, "item 231"
item 232, 51.72, 21.1, "item 232"
item 233, 18.81, 78.87, "item 233"
item 234, 41.23, 4.99, "item 234"
item 235, 88.25, 17.03, "item 235"
item 236, 85.13, 35.57, "item 236"
item 237, 55.17, 16.01, "item 237"
item 238, 14.19, 23.46, "item 238"
item 239, 87.3, 28.96, "item 239"
item 240, 63.01, 42.57, "item 240"
item 241, 42.12, 27.89, "item 241"
item 242, 27.74, 45.56, "item 242"
item 243, 9.4, 21.6, "item 243"
item 244, 45.61, 15.52, "item 244"
item 245, 45.95, 96.6, "item 245"
item 246, 99.07, 13.91, "item 246"
item 247, 17.46, 42.95, "item 247"
item 248, 53.72, 1.91, "item 248"
item 249, 45.23, 82.59, "item 249"
item 250, 23.43, 31.38, "item 250"
item 251, 66.65, 26.12, "item 251"
item 252, 19.08, 24.7, "item 252"
item 253, 57.6, 46.33, "item 253"
item 254, 77.56, 88.57, "item 254"
item 255, 31.83, 71.05, "item 255"
item 256, 87.02, 35.86, "item 256"
item 257, 28.31, 66.69, "item 257"
item 258, 20.88, 21.64, "item 258"
item 259, 20.53, 4.36, "item 259"
item 260, 68.62, 34.94, "item 260"
item 261, 33.97, 75.23, "item 261"
item 262, 4.2, 26.02, "item 262"
item 263, 37.16, 49.06, "item 263"
item 264, 64.68, 90.47, "item 264"
item 265, 80.09, 50.42, "item 265"
item 266, 20.73, 76.25, "item 266"
item 267, 89.68, 60.7, "item 267"
item 268, 8.68, 27.15, "item 268"
item 269, 95.86, 41.13, "item 269"
item 270, 59.1, 27.53, "item 270"
item 271, 54.68, 11.59, "item 271"
item 272, 1.12, 66.75, "item 272"
item 273, 54.71, 13.33, "item 273"
item 274, 43.31, 99.17, "item 274"
item 275, 41.85, 29.84, "item 275"
item 276, 32.41, 35.54, "item 276"
item 277, 74.24, 39.3, "item 277"
item 278, 69.12, 65.42, "item 278"
item 279, 23.85, 24.73, "item 279"
item 280, 16.6, 76.14, "item 280"
item 281, 73.89, 73.3, "item 281"
item 282, 71.93, 4.15, "item 282"
item 283, 22.77, 55.07, "item 283"
item 284, 83.22, 26.76, "item 284"
item 285, 93.98, 83.13, "item 285"
item 286, 85.72, 78.58, "item 286"
item 287, 68.88, 22.32, "item 287"
item 288, 99.53, 55.65, "item 288"
item 289, 4.6, 31.39, "item 289"
item 290, 77.85, 52.65, "item 290"
item 291, 72.97, 94.94, "item 291"
item 292, 20.39, 63.65, "item 292"
item 293, 57.86, 25.82, "item 293"
item 294, 69.53, 65.29, "item 294"
item 295, 78.21, 95.7, "item 295"
item 296, 88, 92.82, "item 296"
item 297, 62.03, 82.79, "item 297"
item 298, 76.77, 14.04, "item 298"
item 299, 82.4, 8.58, "item 299"
item 300, 28.9, 3.88, "item 300"
item 301, 81.05, 73.03, "item 301"
item 302, 31.4, 23.35, "item 302"
item 303, 46.91, 86.93, "item 303"
item 304, 20.34, 10.49, "item 304"
item 305, 88, 43.81, "item 305"
item 306, 67.12, 98.08, "item 306"
item 307, 33.01, 69.44, "item 307"
item 308, 23.35, 83.26, "item 308"
item 309, 25.94, 36.67, "item 309"
item 310, 80.24, 87.4, "item 310"
item 311, 31.89, 35.63, "item 311"
item 312, 4.87, 61.23, "item 312"
item 313, 54.76, 44.84, "item 313"
item 314, 99.87, 9.67, "item 314"
item 315, 79.17, 57.56, "item 315"
item 316, 96, 33.9, "item 316"
item 317, 87.41, 79.55, "item 317"
item 318, 27.43, 13.55, "item 318"
item 319, 70.06, 29.22, "item 319"
item 320, 58.84, 81.59, "item 320"
item 321, 44.16, 39.3, "item 321"
item 322, 30.04, 75.83, "item 322"
item 323, 16.07, 80.43, "item 323"
item 324, 59.05, 87.05, "item 324"
item 325, 78.37, 1.2, "item 325"
item 326, 97.86, 61.29, "item 326"
item 327, 9.38, 6.77, "item 327"
item 328, 66.44, 56.17, "item 328"
item 329, 52.19, 78.7, "item 329"
item 330, 99.81, 95.01, "item 330"
item 331, 85.87, 72.26, "item 331"
item 332, 30.94, 10.78, "item 332"
item 333, 65.87, 14.57, "item 333"
item 334, 97.69, 22.59, "item 334"
item 335, 2.75, 66.34, "item 335"
item 336, 5.98, 41.35, "item 336"
item 337, 69, 3.61, "item 337"
item 338, 3.32, 58.57, "item 338"
item 339, 71.89, 21.85, "item 339"
item 340, 16.88, 32.41, "item 340"
item 341, 7.43, 63.85, "item 341"
item 342, 88.61, 48.41, "item 342"
item 343, 14.84, 25.75, "item 343"
item 344, 96.19, 98.86, "item 344"
item 345, 84.16, 0.75, "item 345"
item 346, 83.07, 94.63, "item 346"
item 347, 30.55, 78.91, "item 347"
item 348, 33.47, 95.64, "item 348"
item 349, 37.88, 33.23, "item 349"
item 350, 18.89, 22.27, "item 350"
item 351, 91.8, 87.03, "item 351"
item 352, 11.69, 89.09, "item 352"
item 353, 67.52, 75.96, "item 353"
item 354, 7.98, 84.14, "item 354"
item 355, 11.34, 88.94, "item 355"
item 356, 27.49, 2.53, "item 356"
item 357, 56.53, 96.72, "item 357"
item 358, 61, 31.31, "item 358"
item 359, 43.85, 54.23, "item 359"
item 360, 17.61, 74.17, "item 360"
item 361, 75.21, 93.34, "item 361"
item 362, 83.07, 99.16, "item 362"
item 363, 14.57, 6.61, "item 363"
item 364, 38.78, 90.2, "item 364"
item 365, 64.73, 58.99, "item 365"
item 366, 5.85, 84.42, "item 366"
item 367, 90.78, 54.83, "item 367"
item 368, 73.27, 80.83, "item 368"
item 369, 31.27, 30.3, "item 369"
item 370, 40.83, 13.52, "item 370"
item 371, 37.05, 37.67, "item 371"
item 372, 57.38, 92.35, "item 372"
item 373, 3.89, 37.18, "item 373"
item 374, 63.68, 27.78, "item 374"
item 375, 20.3, 14.67, "item 375"
item 376, 55.15, 72.97, "item 376"
item 377, 34.51, 98.66, "item 377"
item 378, 64.16, 35.65, "item 378"
item 379, 55.69, 59.34, "item 379"
item 380, 24.62, 35.42, "item 380"
item 381, 43.75, 33.78, "item 381"
item 382, 21.68, 7.58, "item 382"
item 383, 9.33, 36.32, "item 383"
item 384, 48.79, 84.07, "item 384"
item 385, 40.81, 81.75, "item 385"
item 386, 91.01, 13.72, "item 386"
item 387, 98.93, 69.27, "item 387"
item 388, 28.57, 19.67, "item 388"
item 389, 71.22, 50.46, "item 389"
item 390, 8.1, 30.03, "item 390"
item 391, 58.16, 31.06, "item 391"
item 392, 60.08, 59.33, "item 392"
item 393, 70.83, 37.55, "item 393"
item 394, 50.63, 63.02, "item 394"
item 395, 56.11, 12.95, "item 395"
item 396, 43.44, 34.93, "item 396"
item 397, 29.47, 93.03, "item 397"
item 398, 13.13, 68.64, "item 398"
item 399, 87.48, 54.31, "item 399"
item 400, 95.44, 57.56, "item 400"
item 401, 93.08, 17.85, "item 401"
item 402, 81.46, 65.65, "item 402"
item 403, 74.74, 39.68, "item 403"
item 404, 63.23, 61.14, "item 404"
item 405, 57.45, 17.27, "item 405"
item 406, 16.33, 68.8, "item 406"
item 407, 48.32, 94.6, "item 407"
item 408, 61.36, 62.88, "item 408"
item 409, 32.43, 53.38, "item 409"
item 410, 80.7, 92.43, "item 410"
item 411, 95.58, 37.07, "item 411"
item 412, 79.5, 3.66, "item 412"
item 413, 79.85, 65.86, "item 413"
item 414, 70.77, 99.53, "item 414"
item 415, 94.92, 66.07, "item 415"
item 416, 32.93, 56.11, "item 416"
item 417, 53.92, 55.01, "item 417"
item 418, 35.44, 97.08, "item 418"
item 419, 75.71, 94, "item 419"
item 420, 53.26, 13.32, "item 420"
item 421, 97.37, 46.35, "item 421"
item 422, 93.78, 2.6, "item 422"
item 423, 70.39, 54.45, "item 423"
item 424, 41.55, 96.04, "item 424"
item 425, 72.06, 80.9, "item 425"
item 426, 85.54, 32.72, "item 426"
item 427, 49.41, 42.15, "item 427"
item 428, 31.03, 41.31, "item 428"
item 429, 27.44, 0.08, "item 429"
item 430, 14.3, 88.85, "item 430"
item 431, 55.37, 66.59, "item 431"
item 432, 31.85, 60.36, "item 432"
item 433, 35.45, 19.76, "item 433"
item 434, 68.04, 40.54, "item 434"
item 435, 77.02, 26.01, "item 435"
item 436, 54.99, 78.71, "item 436"
item 437, 45.33, 12.14, "item 437"
item 438, 26.96, 31.79, "item 438"
item 439, 29.51, 33.46, "item 439"
item 440, 37.64, 96.37, "item 440"
item 441, 36.86, 40.04, "item 441"
item 442, 93.28, 60.82, "item 442"
item 443, 31.58, 51.42, "item 443"
item 444, 17.33, 30.93, "item 444"
item 445, 75.6, 12.36, "item 445"
item 446, 2.74, 8.52, "item 446"
item 447, 95.88, 16.75, "item 447"
item 448, 27.08, 31.56, "item 448"
item 449, 98.58, 55.17, "item 449"
item 450, 2.66, 16.2, "item 450"
item 451, 73.45, 62.61, "item 451"
item 452, 8.73, 76.77, "item 452"
item 453, 83.98, 17.3, "item 453"
item 454, 6.25, 37.8, "item 454"
item 455, 18.22, 68.87, "item 455"
item 456, 66.96, 93.78, "item 456"
item 457, 83.31, 54.82, "item 457"
item 458, 57.99, 17.15, "item 458"
item 459, 62.77, 97.81, "item 459"
item 460, 10.93, 62.41, "item 460"
item 461, 19.65, 63.28, "item 461"
item 462, 69.74, 65.5, "item 462"
item 463, 21.14, 96.59, "item 463"
item 464, 56.13, 91.37, "item 464"
item 465, 80.36, 52.16, "item 465"
item 466, 12.54, 39.82, "item 466"
item 467, 59.87, 73.29, "item 467"
item 468, 83.48, 79.97, "item 468"
item 469, 57.9, 80.37, "item 469"
item 470, 73.64, 47.25, "item 470"
item 471, 3.19, 78.06, "item 471"
item 472, 78.06, 2.88, "item 472"
item 473, 17.21, 97.17, "item 473"
item 474, 13.7, 26.03, "item 474"
item 475, 63.47, 45.99, "item 475"
item 476, 94.67, 81.05, "item 476"
item 477, 93.13, 57.47, "item 477"
item 478, 83.83, 78.38, "item 478"
item 479, 12.8, 83.49, "item 479"
item 480, 22.55, 26.65, "item 480"
item 481, 46.52, 5.88, "item 481"
item 482, 87.27, 55.63, "item 482"
item 483, 36.88, 4.63, "item 483"
item 484, 46.5, 74.83, "item 484"
item 485, 32.34, 48.33, "item 485"
item 486, 95.48, 21.12, "item 486"
item 487, 37.12, 49.23, "item 487"
item 488, 26.59, 40.2, "item 488"
item 489, 58.53, 55.76, "item 489"
item 490, 53.4, 41.08, "item 490"
item 491, 72.02, 39.31, "item 491"
item 492, 43.88, 61.09, "item 492"
item 493, 38.91, 68.67, "item 493"
item 494, 33.62, 79.08, "item 494"
item 495, 53.78, 55.43, "item 495"
item 496, 84.3, 19.23, "item 496"
item 497, 68.82, 97, "item 497"
item 498, 24.23, 94.28, "item 498"
item 499, 41.33, 39.73, "item 499"
item 500, 57.95, 47.92, "item 500"
item 501, 76.87, 34.22, "item 501"
item 502, 60.24, 68.95, "item 502"
item 503, 95.5, 57.18, "item 503"
item 504, 76.15, 66.54, "item 504"
item 505, 31.46, 29.88, "item 505"
item 506, 33.05, 15.67, "item 506"
item 507, 87.65, 71.77, "item 507"
item 508, 33.49, 4.23, "item 508"
item 509, 5.45, 89.85, "item 509"
item 510, 38.12, 39.52, "item 510"
item 511, 77.6, 19.19, "item 511"
item 512, 67.12, 0.67, "item 512"
item 513, 27.57, 98.13, "item 513"
item 514, 45.2, 55.68, "item 514"
item 515, 1.89, 82.73, "item 515"
item 516, 90.54, 96.96, "item 516"
item 517, 74.11, 79.7, "item 517"
item 518, 1.25, 87.93, "item 518"
item 519, 38.44, 3.98, "item 519"
item 520, 24.2, 54.24, "item 520"
item 521, 79.27, 48.28, "item 521"
item 522, 0.57, 98.28, "item 522"
item 523, 38.63, 85, "item 523"
item 524, 70.13, 63.17, "item 524"
item 525, 67.93, 8.29, "item 525"
item 526, 81.95, 23.23, "item 526"
item 527, 42.69, 63.57, "item 527"
item 528, 2.9, 32.12, "item 528"
item 529, 39.02, 5.1, "item 529"
item 530, 37.75, 16.98, "item 530"
item 531, 19.63, 68.26, "item 531"
item 532, 74.15, 66.79, "item 532"
item 533, 53.38, 42.7, "item 533"
item 534, 44.51, 27.12, "item 534"
item 535, 97.51, 84.72, "item 535"
item 536, 52.95, 79.4, "item 536"
item 537, 4.31, 12.98, "item 537"
item 538, 49.85, 52.94, "item 538"
item 539, 75.22, 90.23, "item 539"
item 540, 49.33, 90.18, "item 540"
item 541, 74.5, 5.71, "item 541"
item 542, 75.62, 62.06, "item 542"
item 543, 31.68, 37.64, "item 543"
item 544, 93.11, 9.03, "item 544"
item 545, 7.82, 93.36, "item 545"
item 546, 21.85, 65.46, "item 546"
item 547, 73.58, 95.89, "item 547"
item 548, 65.43, 10.44, "item 548"
item 549, 49.44, 9.99, "item 549"
item 550, 81.35, 76.57, "item 550"
item 551, 87.53, 78.25, "item 551"
item 552, 5.18, 39.28, "item 552"
item 553, 32.89, 68.18, "item 553"
item 554, 99.76, 4.64, "item 554"
item 555, 87.86, 15.26, "item 555"
item 556, 37.55, 10.56, "item 556"
item 557, 17.44, 83.32, "item 557"
item 558, 40.77, 57.82, "item 558"
item 559, 75.79, 53.93, "item 559"
item 560, 97.1, 90.98, "item 560"
item 561, 4.45, 99.31, "item 561"
item 562, 41.27, 56.4, "item 562"
item 563, 51.29, 89.66, "item 563"
item 564, 42.5, 75.17, "item 564"
item 565, 86.14, 34.78, "item 565"
item 566, 66.26, 81.51, "item 566"
item 567, 43.39, 62.83, "item 567"
item 568, 85.19, 94.48, "item 568"
item 569, 5.27, 94.06, "item 569"
item 570, 98.15, 9.71, "item 570"
item 571, 50.12, 76.47, "item 571"
item 572, 79.41, 21.24, "item 572"
item 573, 29.34, 11.98, "item 573"
item 574, 20.42, 8.95, "item 574"
item 575, 4.06, 16.66, "item 575"
item 576, 45.56, 56.42, "item 576"
item 577, 67.69, 26.63, "item 577"
item 578, 80.19, 96.07, "item 578"
item 579, 4.43, 82.48, "item 579"
item 580, 24.47, 13.46, "item 580"
item 581, 85.12, 99.31, "item 581"
item 582, 39.63, 81.49, "item 582"
item 583, 81.88, 56.96, "item 583"
item 584, 84.64, 36.27, "item 584"
item 585, 90.6, 25.65, "item 585"
item 586, 50.87, 51.29, "item 586"
item 587, 86.86, 75.71, "item 587"
item 588, 29.75, 14.32, "item 588"
item 589, 4.34, 7.22, "item 589"
item 590, 14.25, 62.15, "item 590"
item 591, 17.7, 74.98, "item 591"
item 592, 78.84, 82.54, "item 592"
item 593, 32.02, 77.65, "item 593"
item 594, 4.61, 49.55, "item 594"
item 595, 29.29, 25.68, "item 595"
item 596, 16.19, 19.1, "item 596"
item 597, 99.54, 2.46, "item 597"
item 598, 75.47, 74.55, "item 598"
item 599, 88.49, 85.01, "item 599"
item 600, 33.41, 78.89, "item 600"
item 601, 26.83, 96.66, "item 601"
item 602, 75.72, 59.67, "item 602"
item 603, 67.25, 22.36, "item 603"
item 604, 10.78, 25.53, "item 604"
item 605, 44.26, 29.4, "item 605"
item 606, 38.8, 89.09, "item 606"
item 607, 89.45, 1.19, "item 607"
item 608, 10.35, 49.94, "item 608"
item 609, 80.1, 9.69, "item 609"
item 610, 28.92, 73.71, "item 610"
item 611, 72.41, 23.43, "item 611"
item 612, 77.79, 88.22, "item 612"
item 613, 72.7, 72.34, "item 613"
item 614, 54.2, 6.39, "item 614"
item 615, 29.23, 67.98, "item 615"
item 616, 75.53, 76.82, "item 616"
item 617, 85.67, 8.35, "item 617"
item 618, 81.53, 57.76, "item 618"
item 619, 22.83, 80.24, "item 619"
item 620, 94.22, 7.86, "item 620"
item 621, 29.82, 8.8, "item 621"
item 622, 12.81, 88.02, "item 622"
item 623, 87.82, 93.95, "item 623"
item 624, 14.94, 72.52, "item 624"
item 625, 20.19, 16.4, "item 625"
item 626, 7.36, 75.08, "item 626"
item 627, 61.14, 92.2, "item 627"
item 628, 19.34, 5.27, "item 628"
item 629, 21.8, 3.9, "item 629"
item 630, 60.39, 84.48, "item 630"
item 631, 87.48, 39.24, "item 631"
item 632, 70.03, 67.03, "item 632"
item 633, 62.54, 23.37, "item 633"
item 634, 72.11, 31.45, "item 634"
item 635, 90.61, 39.63, "item 635"
item 636, 8.41, 30.03, "item 636"
item 637, 16.86, 95.68, "item 637"
item 638, 67.37, 10.46, "item 638"
item 639, 26.46, 6.48, "item 639"
item 640, 42.28, 52.2, "item 640"
item 641, 88.6, 34.13, "item 641"
item 642, 50.55, 92.78, "item 642"
item 643, 59.14, 45.29, "item 643"
item 644, 20.49, 54.11, "item 644"
item 645, 46.58, 21.5, "item 645"
item 646, 5.51, 17.31, "item 646"
item 647, 25.73, 85.21, "item 647"
item 648, 16.82, 36.34, "item 648"
item 649, 91.48, 84.59, "item 649"
item 650, 75.25, 25.06, "item 650"
item 651, 81.09, 14.22, "item 651"
item 652, 70.45, 0.05, "item 652"
item 653, 57.48, 35.41, "item 653"
item 654, 81.25, 12.86, "item 654"
item 655, 38.46, 99.85, "item 655"
item 656, 55.24, 58.72, "item 656"
item 657, 77.11, 73.26, "item 657"
item 658, 66.99, 6.44, "item 658"
item 659, 47.04, 2.26, "item 659"
item 660, 75.07, 54.04, "item 660"
item 661, 63.06, 66.56, "item 661"
item 662, 75.69, 78.45, "item 662"
item 663, 72.49, 11.13, "item 663"
item 664, 7.55, 13.64, "item 664"
item 665, 85.15, 58.97, "item 665"
item 666, 96.78, 61.73, "item 666"
item 667, 71.39, 63.05, "item 667"
item 668, 43.32, 13.74, "item 668"
item 669, 46.25, 68.58, "item 669"
item 670, 41.14, 33.24, "item 670"
item 671, 75.65, 21.13, "item 671"
item 672, 93.25, 34.45, "item 672"
item 673, 85.44, 74.53, "item 673"
item 674, 29.56, 69.05, "item 674"
item 675, 27.93, 23.43, "item 675"
item 676, 60.76, 20.81, "item 676"
item 677, 62.18, 10.08, "item 677"
item 678, 4.47, 95.78, "item 678"
item 679, 34.02, 31.74, "item 679"
item 680, 1.55, 87.21, "item 680"
item 681, 99.71, 6.4, "item 681"
item 682, 99.52, 88.83, "item 682"
item 683, 23.25, 37.55, "item 683"
item 684, 18.04, 28.29, "item 684"
item 685, 91.42, 56.04, "item 685"
item 686, 26.89, 92.88, "item 686"
item 687, 32.96, 6.68, "item 687"
item 688, 60.72, 24.15, "item 688"
item 689, 98.7, 90.43, "item 689"
item 690, 67.03, 64.97, "item 690"
item 691, 58, 69.32, "item 691"
item 692, 33.67, 52.67, "item 692"
item 693, 93.54, 90.32, "item 693"
item 694, 70.57, 65.64, "item 694"
item 695, 31.21, 87.03, "item 695"
item 696, 26.63, 46.97, "item 696"
item 697, 24.77, 73.55, "item 697"
item 698, 7.28, 48.39, "item 698"
item 699, 26.14, 53.47, "item 699"
item 700, 20.75, 60.78, "item 700"
item 701, 11.11, 29.07, "item 701"
item 702, 21.75, 22.94, "item 702"
item 703, 97.7, 10.3, "item 703"
item 704, 40.36, 29.75, "item 704"
item 705, 89.77, 91.52, "item 705"
item 706, 80.53, 92.74, "item 706"
item 707, 2.01, 85.13, "item 707"
item 708, 48.01, 41.41, "item 708"
item 709, 74.05, 75.33, "item 709"
item 710, 20.61, 91.96, "item 710"
item 711, 61.37, 82.95, "item 711"
item 712, 5.02, 51.81, "item 712"
item 713, 98.39, 12.7, "item 713"
item 714, 33.93, 72.47, "item 714"
item 715, 65.31, 87.86, "item 715"
item 716, 44.87, 11.71, "item 716"
item 717, 54.45, 64.43, "item 717"
item 718, 47.67, 16.17, "item 718"
item 719, 23.86, 56.52, "item 719"
item 720, 31.62, 90.16, "item 720"
item 721, 46.82, 97.79, "item 721"
item 722, 85.11, 73.06, "item 722"
item 723, 13.96, 10.25, "item 723"
item 724, 0.7, 8.37, "item 724"
item 725, 21.66, 50.6, "item 725"
item 726, 16.9, 50.44, "item 726"
item 727, 85.05, 57.15, "item 727"
item 728, 4.21, 21.85, "item 728"
item 729, 46.94, 25.62, "item 729"
item 730, 37.32, 3.62, "item 730"
item 731, 14.87, 1.03, "item 731"
item 732, 8.22, 13.54, "item 732"
item 733, 47.85, 84.46, "item 733"
item 734, 25.49, 3.53, "item 734"
item 735, 31.5, 18.76, "item 735"
item 736, 14.03, 86.02, "item 736"
item 737, 25.7, 34.99, "item 737"
item 738, 76.22, 81.67, "item 738"
item 739, 42.58, 12.68, "item 739"
item 740, 1, 65.53, "item 740"
item 741, 13.99, 31.61, "item 741"
item 742, 10.18, 77.72, "item 742"
item 743, 37.83, 69.66, "item 743"
item 744, 12.87, 55.73, "item 744"
item 745, 50.1, 32.4, "item 745"
item 746, 98.34, 40.25, "item 746"
item 747, 55.82, 83.56, "item 747"
item 748, 35.15, 4.24, "item 748"
item 749, 66.13, 82.2, "item 749"
item 750, 60.28, 55.86, "item 750"
item 751, 30.97, 22.64, "item 751"
item 752, 35.58, 69.54, "item 752"
item 753, 27.39, 15.99, "item 753"
item 754, 21.18, 7.25, "item 754"
item 755, 61.93, 48.55, "item 755"
item 756, 65.13, 1.46, "item 756"
item 757, 72.11, 1.49, "item 757"
item 758, 37.35, 85.52, "item 758"
item 759, 67.21, 18.67, "item 759"
item 760, 41.68, 72.9, "item 760"
item 761, 30.78, 65.28, "item 761"
item 762, 24.9, 7.05, "item 762"
item 763, 19.17, 28.23, "item 763"
item 764, 63.69, 25.8, "item 764"
item 765, 28.73, 71.48, "item 765"
item 766, 51.49, 10.54, "item 766"
item 767, 72.3, 74.08, "item 767"
item 768, 26.13, 19.23, "item 768"
item 769, 0.46, 47.13, "item 769"
item 770, 75.74, 34.37, "item 770"
item 771, 26.95, 46.56, "item 771"
item 772, 35.94, 92.46, "item 772"
item 773, 69.17, 73.53, "item 773"
item 774, 44.27, 99.8, "item 774"
item 775, 94.33, 81.22, "item 775"
item 776, 49.24, 80.88, "item 776"
item 777, 70.06, 87.53, "item 777"
item 778, 80.96, 50.42, "item 778"
item 779, 53.95, 27.03, "item 779"
item 780, 77.63, 47.77, "item 780"
item 781, 20.92, 62, "item 781"
item 782, 28.3, 23.18, "item 782"
item 783, 19.5, 12.65, "item 783"
item 784, 35.74, 19.71, "item 784"
item 785, 68.49, 59.57, "item 785"
item 786, 25.54, 51.35, "item 786"
item 787, 54.07, 17.45, "item 787"
item 788, 27.47, 38.49, "item 788"
item 789, 64.08, 78.87, "item 789"
item 790, 33.47, 24.94, "item 790"
item 791, 0.86, 78.91, "item 791"
item 792, 92.95, 67.57, "item 792"
item 793, 47.13, 37.28, "item 793"
item 794, 40.48, 58.87, "item 794"
item 795, 20.34, 93.1, "item 795"
item 796, 63.69, 15.82, "item 796"
item 797, 39.98, 59.45, "item 797"
item 798, 9.8, 44.23, "item 798"
item 799, 49.85, 89.71, "item 799"
item 800, 98.1, 66.48, "item 800"
item 801, 82.51, 65.62, "item 801"
item 802, 52.66, 83.22, "item 802"
item 803, 26.7, 88.51, "item 803"
item 804, 94.65, 24.28, "item 804"
item 805, 60.26, 79.03, "item 805"
item 806, 36.95, 32.91, "item 806"
item 807, 40.79, 68.67, "item 807"
item 808, 4.86, 18.56, "item 808"
item 809, 4.25, 96.37, "item 809"
item 810, 66.48, 8.4, "item 810"
item 811, 7.67, 7.71, "item 811"
item 812, 93.64, 25.25, "item 812"
item 813, 66.35, 90.6, "item 813"
item 814, 90.31, 20.67, "item 814"
item 815, 78.24, 71.64, "item 815"
item 816, 18.88, 95.75, "item 816"
item 817, 98.49, 40.11, "item 817"
item 818, 27.05, 49.59, "item 818"
item 819, 25.88, 63, "item 819"
item 820, 27.87, 5.35, "item 820"
item 821, 89.28, 3.54, "item 821"
item 822, 13.88, 77.37, "item 822"
item 823, 77.24, 58.42, "item 823"
item 824, 92.6, 59.34, "item 824"
item 825, 36.66, 84.2, "item 825"
item 826, 15.03, 32.95, "item 826"
item 827, 77.54, 92.26, "item 827"
item 828, 31.44, 19.53, "item 828"
item 829, 59.91, 53.39, "item 829"
item 830, 49.57, 22.67, "item 830"
item 831, 6.48, 68.1, "item 831"
item 832, 89.11, 39.16, "item 832"
item 833, 79.69, 26.73, "item 833"
item 834, 23.13, 47.58, "item 834"
item 835, 85.77, 4.69, "item 835"
item 836, 72.65, 19, "item 836"
item 837, 19.57, 12.54, "item 837"
item 838, 73.39, 32.9, "item 838"
item 839, 44.29, 47.85, "item 839"
item 840, 65.21, 22.65, "item 840"
item 841, 7.55, 76.57, "item 841"
item 842, 64.23, 19.81, "item 842"
item 843, 31.84, 5.21, "item 843"
item 844, 65.31, 13.84, "item 844"
item 845, 81.08, 92.04, "item 845"
item 846, 88.04, 95.23, "item 846"
item 847, 97.61, 85.24, "item 847"
item 848, 23.56, 3.61, "item 848"
item 849, 24.2, 69.35, "item 849"
item 850, 61.2, 59.73, "item 850"
item 851, 74.27, 47.25, "item 851"
item 852, 74.25, 20.41, "item 852"
item 853, 90.13, 84.35, "item 853"
item 854, 22.33, 59.1, "item 854"
item 855, 33.78, 94.11, "item 855"
item 856, 84.03, 40.76, "item 856"
item 857, 87.98, 49.54, "item 857"
item 858, 68.24, 29.99, "item 858"
item 859, 5.86, 64.11, "item 859"
item 860, 64.95, 43.59, "item 860"
item 861, 37.07, 97.15, "item 861"
item 862, 87.13, 34.88, "item 862"
item 863, 75.24, 3.89, "item 863"
item 864, 24.13, 76.04, "item 864"
item 865, 17.31, 68.43, "item 865"
item 866, 74.01, 86.89, "item 866"
item 867, 98.58, 28.81, "item 867"
item 868, 47.31, 43.64, "item 868"
item 869, 69.16, 28.1, "item 869"
item 870, 37.99, 89.82, "item 870"
item 871, 7.15, 2.53, "item 871"
item 872, 38.6, 62.72, "item 872"
item 873, 21.84, 48.26, "item 873"
item 874, 36.27, 43.68, "item 874"
item 875, 86.34, 92.49, "item 875"
item 876, 63.6, 37.99, "item 876"
item 877, 53.06, 30.76, "item 877"
item 878, 94.45, 91.29, "item 878"
item 879, 47.85, 82.82, "item 879"
item 880, 68.21, 53.2, "item 880"
item 881, 8.98, 62.29, "item 881"
item 882, 98.24, 6.17, "item 882"
item 883, 35.73, 51.34, "item 883"
item 884, 70.47, 87.66, "item 884"
item 885, 37.84, 21.31, "item 885"
item 886, 65.89, 47.24, "item 886"
item 887, 32.24, 42.37, "item 887"
item 888, 47.53, 96.66, "item 888"
item 889, 15.79, 80.86, "item 889"
item 890, 36.58, 30.62, "item 890"
item 891, 54.52, 91.93, "item 891"
item 892, 65.19, 18.55, "item 892"
item 893, 68.36, 76.51, "item 893"
item 894, 34.11, 93.97, "item 894"
item 895, 58.07, 86.95, "item 895"
item 896, 22.08, 96.44, "item 896"
item 897, 16.29, 33.54, "item 897"
item 898, 91, 53.81, "item 898"
item 899, 88.18, 65.21, "item 899"
item 900, 5.98, 27.41, "item 900"
item 901, 98.96, 72.49, "item 901"
item 902, 42.5, 81.1, "item 902"
item 903, 45.1, 87.52, "item 903"
item 904, 84.36, 77.11, "item 904"
item 905, 54.17, 37.23, "item 905"
item 906, 25.51, 45.53, "item 906"
item 907, 54.21, 38.94, "item 907"
item 908, 76.48, 22.63, "item 908"
item 909, 57.65, 14.68, "item 909"
item 910, 41.9, 3.91, "item 910"
item 911, 57.09, 40.58, "item 911"
item 912, 79.27, 11.49, "item 912"
item 913, 50.86, 40.34, "item 913"
item 914, 71.33, 33.12, "item 914"
item 915, 64.39, 78.61, "item 915"
item 916, 44.38, 49.8, "item 916"
item 917, 10.61, 8.72, "item 917"
item 918, 43.03, 32.82, "item 918"
item 919, 36.82, 82.22, "item 919"
item 920, 28.46, 57.23, "item 920"
item 921, 38.99, 32.92, "item 921"
item 922, 1.45, 48.52, "item 922"
item 923, 84.91, 6.99, "item 923"
item 924, 64.17, 51.98, "item 924"
item 925, 77.13, 22.34, "item 925"
item 926, 25.61, 90.25, "item 926"
item 927, 3.87, 5.57, "item 927"
item 928, 23.97, 53.29, "item 928"
item 929, 71.3, 72.84, "item 929"
item 930, 86.75, 47.36, "item 930"
item 931, 84.37, 92.05, "item 931"
item 932, 74.08, 14.78, "item 932"
item 933, 44.9, 88.31, "item 933"
item 934, 54.14, 24.66, "item 934"
item 935, 65.35, 31.81, "item 935"
item 936, 40.9, 26.13, "item 936"
item 937, 54.84, 77.98, "item 937"
item 938, 83.87, 50.49, "item 938"
item 939, 19.77, 13.49, "item 939"
item 940, 37.05, 46.25, "item 940"
item 941, 35.74, 98.4, "item 941"
item 942, 50.24, 31.93, "item 942"
item 943, 89.52, 84.65, "item 943"
item 944, 19.35, 55.7, "item 944"
item 945, 60.66, 34.44, "item 945"
item 946, 4.67, 57.68, "item 946"
item 947, 10.24, 57.79, "item 947"
item 948, 76.01, 41.37, "item 948"
item 949, 71.65, 38.31, "item 949"
item 950, 71.74, 73.91, "item 950"
item 951, 92.3, 18.41, "item 951"
item 952, 65.34, 51.15, "item 952"
item 953, 58.82, 70.78, "item 953"
item 954, 17.31, 83.57, "item 954"
item 955, 48.78, 91.71, "item 955"
item 956, 53.11, 81.56, "item 956"
item 957, 91.33, 13.72, "item 957"
item 958, 48.29, 44.36, "item 958"
item 959, 86.62, 49.55, "item 959"
item 960, 21, 86.34, "item 960"
item 961, 28.85, 48.21, "item 961"
item 962, 29, 66, "item 962"
item 963, 1.82, 64.37, "item 963"
item 964, 43.25, 18.68, "item 964"
item 965, 67.05, 17.18, "item 965"
item 966, 23.72, 32.02, "item 966"
item 967, 44.76, 41.7, "item 967"
item 968, 53.87, 45.12, "item 968"
item 969, 95.54, 16.89, "item 969"
item 970, 0.38, 96.48, "item 970"
item 971, 46.73, 87.8, "item 971"
item 972, 51.67, 94.01, "item 972"
item 973, 71.88, 86.23, "item 973"
item 974, 54.97, 31.07, "item 974"
item 975, 23.5, 94.28, "item 975"
item 976, 15.29, 26.35, "item 976"
item 977, 40.13, 88.18, "item 977"
item 978, 41.57, 22.97, "item 978"
item 979, 97.17, 46.05, "item 979"
item 980, 25.66, 41.92, "item 980"
item 981, 47.39, 2.35, "item 981"
item 982, 17.7, 48.77, "item 982"
item 983, 2.15, 84.57, "item 983"
item 984, 17.97, 58.7, "item 984"
item 985, 36.97, 72.92, "item 985"
item 986, 39.79, 74.97, "item 986"
item 987, 66.34, 82.75, "item 987"
item 988, 10.51, 28.25, "item 988"
item 989, 21.65, 81.02, "item 989"
item 990, 68.5, 60.38, "item 990"
item 991, 83.57, 13.32, "item 991"
item 992, 82.72, 75.2, "item 992"
item 993, 65.47, 35.73, "item 993"
item 994, 68.69, 60.81, "item 994"
item 995, 18.18, 17.27, "item 995"
item 996, 99.49, 73.52, "item 996"
item 997, 27.72, 2.81, "item 997"
item 998, 13.79, 61.42, "item 998"
item 999, 7.97, 3.9, "item 999"
item 1000, 4.29, 97.6, "item 1000"
